<?xml version="1.0" encoding="UTF-8" standalone="no"?>
<event category="KEYPRESS" id="84">
  <actions>
    <action id="603" library="1">
      <!--action name: Code-->
      <kind>CODE</kind>
      <allowRelative>false</allowRelative>
      <question>false</question>
      <canApplyTo>true</canApplyTo>
      <actionType>CODE</actionType>
      <functionName/>
      <relative>false</relative>
      <not>false</not>
      <appliesTo>.self</appliesTo>
      <arguments>
        <argument kind="STRING">if (!keyboard_check(vk_shift)) script_go_to_page(21)</argument>
      </arguments>
    </action>
  </actions>
</event>
