<?xml version="1.0" encoding="UTF-8" standalone="no"?>
<resources>
  <resource name="object_button_boulder" type="RESOURCE"/>
  <resource name="object_button_red_anger" type="RESOURCE"/>
  <resource name="object_button_bomb" type="RESOURCE"/>
  <resource name="object_button_orange_anger" type="RESOURCE"/>
  <resource name="object_button_barrier" type="RESOURCE"/>
  <resource name="object_button_double_boxing" type="RESOURCE"/>
  <resource name="object_button_arrow" type="RESOURCE"/>
  <resource name="object_button_blue_anger" type="RESOURCE"/>
  <resource name="object_button_diamond_bomb" type="RESOURCE"/>
  <resource name="object_button_concrete" type="RESOURCE"/>
  <resource name="object_button_nuclear_bomb" type="RESOURCE"/>
  <resource name="object_button_teleport" type="RESOURCE"/>
  <resource name="object_button_purple_anger" type="RESOURCE"/>
  <resource name="object_button_concreate_bomb" type="RESOURCE"/>
  <resource name="object_button_nwh" type="RESOURCE"/>
  <resource name="object_button_time_bomb" type="RESOURCE"/>
  <resource name="object_button_mud" type="RESOURCE"/>
  <resource name="object_button_switch_gate" type="RESOURCE"/>
  <resource name="object_button_gigga_port" type="RESOURCE"/>
</resources>
