<?xml version="1.0" encoding="UTF-8" standalone="no"?>
<resources>
  <resource name="sprite_boulder" type="RESOURCE"/>
  <resource name="sprite_red_anger" type="RESOURCE"/>
  <resource name="sprite_bomb" type="RESOURCE"/>
  <resource name="sprite_orange_anger" type="RESOURCE"/>
  <resource name="sprite_blue_anger" type="RESOURCE"/>
  <resource name="sprite_purple_anger" type="RESOURCE"/>
  <resource name="sprite_barrier_horizontal" type="RESOURCE"/>
  <resource name="sprite_barrier_vertical" type="RESOURCE"/>
  <resource name="sprite_double_boxing_rock" type="RESOURCE"/>
  <resource name="sprite_diamond_bomb" type="RESOURCE"/>
  <resource name="sprite_concreate_bomb" type="RESOURCE"/>
  <resource name="sprite_nuclear_bomb" type="RESOURCE"/>
  <resource name="sprite_time_bomb" type="RESOURCE"/>
  <resource name="sprite_nwh" type="RESOURCE"/>
  <resource name="sprite_gigga_port" type="RESOURCE"/>
  <resource name="sprite_teleport" type="RESOURCE"/>
</resources>
