<?xml version="1.0" encoding="UTF-8" standalone="no"?>
<event category="COLLISION" with="Anger_24">
  <actions>
    <action id="611" library="1">
      <!--action name: Variable-->
      <kind>VARIABLE</kind>
      <allowRelative>true</allowRelative>
      <question>false</question>
      <canApplyTo>true</canApplyTo>
      <actionType>CODE</actionType>
      <functionName/>
      <relative>false</relative>
      <not>false</not>
      <appliesTo>.self</appliesTo>
      <arguments>
        <argument kind="STRING">Number</argument>
        <argument kind="EXPRESSION">24</argument>
      </arguments>
    </action>
  </actions>
</event>
