<?xml version="1.0" encoding="UTF-8" standalone="no"?>
<resources>
  <resource name="object_button_exit" type="RESOURCE"/>
  <resource name="object_button_characters" type="RESOURCE"/>
  <resource name="object_button_objects" type="RESOURCE"/>
  <resource name="object_button_index" type="RESOURCE"/>
  <resource name="object_button_next_page" type="RESOURCE"/>
  <resource name="object_button_previous_page" type="RESOURCE"/>
  <resource name="object_button_dark" type="RESOURCE"/>
  <resource name="object_button_light" type="RESOURCE"/>
</resources>
