<?xml version="1.0" encoding="UTF-8" standalone="no"?>
<event category="MOUSE" id="7">
  <actions>
    <action id="332" library="1">
      <!--action name: End_Game-->
      <kind>NORMAL</kind>
      <allowRelative>false</allowRelative>
      <question>false</question>
      <canApplyTo>false</canApplyTo>
      <actionType>FUNCTION</actionType>
      <functionName>action_end_game</functionName>
      <relative>false</relative>
      <not>false</not>
      <appliesTo>.self</appliesTo>
      <arguments/>
    </action>
  </actions>
</event>
