<?xml version="1.0" encoding="UTF-8" standalone="no"?>
<event category="MOUSE" id="7">
  <actions>
    <action id="601" library="1">
      <!--action name: Execute_Script-->
      <kind>NORMAL</kind>
      <allowRelative>false</allowRelative>
      <question>false</question>
      <canApplyTo>true</canApplyTo>
      <actionType>FUNCTION</actionType>
      <functionName>action_execute_script</functionName>
      <relative>false</relative>
      <not>false</not>
      <appliesTo>.self</appliesTo>
      <arguments>
        <argument kind="SCRIPT">script_go_to_page</argument>
        <argument kind="EXPRESSION">108</argument>
        <argument kind="EXPRESSION">0</argument>
        <argument kind="EXPRESSION">0</argument>
        <argument kind="EXPRESSION">0</argument>
        <argument kind="EXPRESSION">0</argument>
      </arguments>
    </action>
  </actions>
</event>
