<?xml version="1.0" encoding="UTF-8" standalone="no"?>
<resources>
  <resource name="object_button_o" type="RESOURCE"/>
  <resource name="object_button_x" type="RESOURCE"/>
  <resource name="object_button_triangle" type="RESOURCE"/>
  <resource name="object_button_a" type="RESOURCE"/>
  <resource name="object_button_square" type="RESOURCE"/>
  <resource name="object_button_k" type="RESOURCE"/>
  <resource name="object_button_b" type="RESOURCE"/>
  <resource name="object_button_e" type="RESOURCE"/>
  <resource name="object_button_s" type="RESOURCE"/>
  <resource name="object_button_h" type="RESOURCE"/>
  <resource name="object_button_r" type="RESOURCE"/>
  <resource name="object_button_m" type="RESOURCE"/>
  <resource name="object_button_f" type="RESOURCE"/>
  <resource name="object_button_g" type="RESOURCE"/>
  <resource name="object_button_c" type="RESOURCE"/>
  <resource name="object_button_y" type="RESOURCE"/>
  <resource name="object_button_z" type="RESOURCE"/>
  <resource name="object_button_w" type="RESOURCE"/>
  <resource name="object_button_j" type="RESOURCE"/>
  <resource name="object_button_v" type="RESOURCE"/>
  <resource name="object_button_p" type="RESOURCE"/>
  <resource name="object_button_t" type="RESOURCE"/>
  <resource name="object_button_d" type="RESOURCE"/>
  <resource name="object_button_q" type="RESOURCE"/>
  <resource name="object_button_n" type="RESOURCE"/>
  <resource name="object_button_gigga_g" type="RESOURCE"/>
  <resource name="object_button_question_mark" type="RESOURCE"/>
  <resource name="object_button_u" type="RESOURCE"/>
  <resource name="object_button_l" type="RESOURCE"/>
  <resource name="object_button_dollar_sign" type="RESOURCE"/>
  <resource name="object_button_at_sign" type="RESOURCE"/>
  <resource name="object_button_pi" type="RESOURCE"/>
  <resource name="object_button_i" type="RESOURCE"/>
  <resource name="object_button_big_w" type="RESOURCE"/>
  <resource name="object_button_terra_g" type="RESOURCE"/>
  <resource name="object_button_purple_question_mark" type="RESOURCE"/>
</resources>
