<?xml version="1.0" encoding="UTF-8" standalone="no"?>
<resources>
  <resource name="sprite_button_normal" type="RESOURCE"/>
  <resource name="sprite_button_hot" type="RESOURCE"/>
  <resource name="sprite_button_pressed" type="RESOURCE"/>
  <resource name="sprite_button_index_normal" type="RESOURCE"/>
  <resource name="sprite_button_index_hot" type="RESOURCE"/>
  <resource name="sprite_button_index_pressed" type="RESOURCE"/>
  <resource name="sprite_button_item_normal" type="RESOURCE"/>
  <resource name="sprite_button_item_hot" type="RESOURCE"/>
  <resource name="sprite_button_item_pressed" type="RESOURCE"/>
</resources>
