<?xml version="1.0" encoding="UTF-8" standalone="no"?>
<resources>
  <resource name="Languges" type="GROUP"/>
  <resource name="script_start" type="RESOURCE"/>
  <resource name="script_index_draw" type="RESOURCE"/>
  <resource name="script_button_text" type="RESOURCE"/>
  <resource name="script_index" type="RESOURCE"/>
  <resource name="script_characters" type="RESOURCE"/>
  <resource name="script_objects" type="RESOURCE"/>
  <resource name="script_go_to_page" type="RESOURCE"/>
  <resource name="script_page" type="RESOURCE"/>
  <resource name="script_page_draw" type="RESOURCE"/>
  <resource name="script_next_page" type="RESOURCE"/>
  <resource name="script_previous_page" type="RESOURCE"/>
  <resource name="script_dark" type="RESOURCE"/>
  <resource name="script_light" type="RESOURCE"/>
</resources>
