<?xml version="1.0" encoding="UTF-8" standalone="no"?>
<resources>
  <resource name="font" type="RESOURCE"/>
  <resource name="Go_Number" type="RESOURCE"/>
  <resource name="Go_Number_Small" type="RESOURCE"/>
  <resource name="Button_Font" type="RESOURCE"/>
  <resource name="Play_Button_Font" type="RESOURCE"/>
  <resource name="Small_Button_Font" type="RESOURCE"/>
  <resource name="Room_Font" type="RESOURCE"/>
  <resource name="Player_Select_Font" type="RESOURCE"/>
  <resource name="Level_Designer_Item_Select_Font" type="RESOURCE"/>
  <resource name="Player_Winz_Font" type="RESOURCE"/>
  <resource name="Player_Change_Font" type="RESOURCE"/>
  <resource name="Draw_Mode_Font" type="RESOURCE"/>
  <resource name="NWH_Font" type="RESOURCE"/>
  <resource name="Message_Font" type="RESOURCE"/>
  <resource name="Link_Font" type="RESOURCE"/>
  <resource name="Character_Font" type="RESOURCE"/>
</resources>
