<?xml version="1.0" encoding="UTF-8" standalone="no"?>
<event category="COLLISION" with="Red_Blue_X">
  <actions>
    <action id="601" library="1">
      <!--action name: Execute_Script-->
      <kind>NORMAL</kind>
      <allowRelative>false</allowRelative>
      <question>false</question>
      <canApplyTo>true</canApplyTo>
      <actionType>FUNCTION</actionType>
      <functionName>action_execute_script</functionName>
      <relative>false</relative>
      <not>false</not>
      <appliesTo>.self</appliesTo>
      <arguments>
        <argument kind="SCRIPT">Alumax_Message</argument>
        <argument kind="EXPRESSION">0</argument>
        <argument kind="EXPRESSION">0</argument>
        <argument kind="EXPRESSION">0</argument>
        <argument kind="EXPRESSION">0</argument>
        <argument kind="EXPRESSION">0</argument>
      </arguments>
    </action>
    <action id="203" library="1">
      <!--action name: Kill_Object-->
      <kind>NORMAL</kind>
      <allowRelative>false</allowRelative>
      <question>false</question>
      <canApplyTo>true</canApplyTo>
      <actionType>FUNCTION</actionType>
      <functionName>action_kill_object</functionName>
      <relative>false</relative>
      <not>false</not>
      <appliesTo>.self</appliesTo>
      <arguments/>
    </action>
  </actions>
</event>
