<?xml version="1.0" encoding="UTF-8" standalone="no"?>
<resources>
  <resource name="Anger_00" type="RESOURCE"/>
  <resource name="Anger_01" type="RESOURCE"/>
  <resource name="Anger_02" type="RESOURCE"/>
  <resource name="Anger_03" type="RESOURCE"/>
  <resource name="Anger_04" type="RESOURCE"/>
  <resource name="Anger_05" type="RESOURCE"/>
  <resource name="Anger_06" type="RESOURCE"/>
  <resource name="Anger_07" type="RESOURCE"/>
  <resource name="Anger_08" type="RESOURCE"/>
  <resource name="Anger_09" type="RESOURCE"/>
  <resource name="Anger_10" type="RESOURCE"/>
  <resource name="Anger_11" type="RESOURCE"/>
  <resource name="Anger_12" type="RESOURCE"/>
  <resource name="Anger_13" type="RESOURCE"/>
  <resource name="Anger_14" type="RESOURCE"/>
  <resource name="Anger_15" type="RESOURCE"/>
  <resource name="Anger_16" type="RESOURCE"/>
  <resource name="Anger_17" type="RESOURCE"/>
  <resource name="Anger_18" type="RESOURCE"/>
  <resource name="Anger_19" type="RESOURCE"/>
  <resource name="Anger_20" type="RESOURCE"/>
  <resource name="Anger_21" type="RESOURCE"/>
  <resource name="Anger_22" type="RESOURCE"/>
  <resource name="Anger_23" type="RESOURCE"/>
  <resource name="Anger_24" type="RESOURCE"/>
  <resource name="Anger_25" type="RESOURCE"/>
  <resource name="Anger_26" type="RESOURCE"/>
  <resource name="Anger_27" type="RESOURCE"/>
  <resource name="Anger_28" type="RESOURCE"/>
  <resource name="Anger_29" type="RESOURCE"/>
  <resource name="Anger_30" type="RESOURCE"/>
  <resource name="Anger_31" type="RESOURCE"/>
  <resource name="Anger_32" type="RESOURCE"/>
  <resource name="Anger_33" type="RESOURCE"/>
  <resource name="Anger_34" type="RESOURCE"/>
  <resource name="Anger_35" type="RESOURCE"/>
  <resource name="Anger_36" type="RESOURCE"/>
  <resource name="Anger_37" type="RESOURCE"/>
  <resource name="Anger_38" type="RESOURCE"/>
  <resource name="Anger_39" type="RESOURCE"/>
  <resource name="Anger_40" type="RESOURCE"/>
  <resource name="Anger_41" type="RESOURCE"/>
  <resource name="Anger_42" type="RESOURCE"/>
  <resource name="Anger_43" type="RESOURCE"/>
  <resource name="Anger_44" type="RESOURCE"/>
  <resource name="Anger_45" type="RESOURCE"/>
  <resource name="Anger_46" type="RESOURCE"/>
  <resource name="Anger_47" type="RESOURCE"/>
  <resource name="Anger_48" type="RESOURCE"/>
  <resource name="Anger_49" type="RESOURCE"/>
  <resource name="Anger_50" type="RESOURCE"/>
  <resource name="Anger_51" type="RESOURCE"/>
  <resource name="Anger_52" type="RESOURCE"/>
  <resource name="Anger_53" type="RESOURCE"/>
  <resource name="Anger_54" type="RESOURCE"/>
  <resource name="Anger_55" type="RESOURCE"/>
  <resource name="Anger_56" type="RESOURCE"/>
  <resource name="Anger_57" type="RESOURCE"/>
  <resource name="Anger_58" type="RESOURCE"/>
  <resource name="Anger_59" type="RESOURCE"/>
  <resource name="Anger_60" type="RESOURCE"/>
  <resource name="Anger_61" type="RESOURCE"/>
  <resource name="Anger_62" type="RESOURCE"/>
  <resource name="Anger_63" type="RESOURCE"/>
  <resource name="Anger_64" type="RESOURCE"/>
  <resource name="Anger_65" type="RESOURCE"/>
  <resource name="Anger_66" type="RESOURCE"/>
  <resource name="Anger_67" type="RESOURCE"/>
  <resource name="Anger_68" type="RESOURCE"/>
  <resource name="Anger_69" type="RESOURCE"/>
  <resource name="Anger_70" type="RESOURCE"/>
  <resource name="Anger_71" type="RESOURCE"/>
  <resource name="Anger_72" type="RESOURCE"/>
  <resource name="Anger_73" type="RESOURCE"/>
  <resource name="Anger_74" type="RESOURCE"/>
  <resource name="Anger_75" type="RESOURCE"/>
  <resource name="Anger_76" type="RESOURCE"/>
  <resource name="Anger_77" type="RESOURCE"/>
  <resource name="Anger_78" type="RESOURCE"/>
  <resource name="Anger_79" type="RESOURCE"/>
  <resource name="Anger_80" type="RESOURCE"/>
  <resource name="Anger_81" type="RESOURCE"/>
  <resource name="Anger_82" type="RESOURCE"/>
  <resource name="Anger_83" type="RESOURCE"/>
  <resource name="Anger_84" type="RESOURCE"/>
  <resource name="Anger_85" type="RESOURCE"/>
  <resource name="Anger_86" type="RESOURCE"/>
  <resource name="Anger_87" type="RESOURCE"/>
  <resource name="Anger_88" type="RESOURCE"/>
  <resource name="Anger_89" type="RESOURCE"/>
  <resource name="Anger_90" type="RESOURCE"/>
  <resource name="Anger_91" type="RESOURCE"/>
  <resource name="Anger_92" type="RESOURCE"/>
  <resource name="Anger_93" type="RESOURCE"/>
  <resource name="Anger_94" type="RESOURCE"/>
  <resource name="Anger_95" type="RESOURCE"/>
  <resource name="Anger_96" type="RESOURCE"/>
  <resource name="Anger_97" type="RESOURCE"/>
  <resource name="Anger_98" type="RESOURCE"/>
  <resource name="Anger_99" type="RESOURCE"/>
</resources>
