<?xml version="1.0" encoding="UTF-8" standalone="no"?>
<event category="STEP" id="0">
  <actions>
    <action id="603" library="1">
      <!--action name: Code-->
      <kind>CODE</kind>
      <allowRelative>false</allowRelative>
      <question>false</question>
      <canApplyTo>true</canApplyTo>
      <actionType>CODE</actionType>
      <functionName/>
      <relative>false</relative>
      <not>false</not>
      <appliesTo>.self</appliesTo>
      <arguments>
        <argument kind="STRING">if (abs(joystick_xpos(joy_id) &gt; 0.1) || abs(joystick_ypos(joy_id) &gt; 0.1))
{
    if (instance_number(object_hand) == 0) instance_create(room_width / 2, room_height / 2, object_hand)
}

if (joystick_check_button(joy_id, 9))
{
    game_end()
}</argument>
      </arguments>
    </action>
  </actions>
</event>
