<?xml version="1.0" encoding="UTF-8" standalone="no"?>
<event category="ALARM" id="1">
  <actions>
    <action id="201" library="1">
      <!--action name: Create_Object-->
      <kind>NORMAL</kind>
      <allowRelative>true</allowRelative>
      <question>false</question>
      <canApplyTo>true</canApplyTo>
      <actionType>FUNCTION</actionType>
      <functionName>action_create_object</functionName>
      <relative>false</relative>
      <not>false</not>
      <appliesTo>.self</appliesTo>
      <arguments>
        <argument kind="GMOBJECT"/>
        <argument kind="EXPRESSION">1120</argument>
        <argument kind="EXPRESSION">0</argument>
      </arguments>
    </action>
  </actions>
</event>
