<?xml version="1.0" encoding="UTF-8" standalone="no"?>
<event category="STEP" id="0">
  <actions>
    <action id="603" library="1">
      <!--action name: Code-->
      <kind>CODE</kind>
      <allowRelative>false</allowRelative>
      <question>false</question>
      <canApplyTo>true</canApplyTo>
      <actionType>CODE</actionType>
      <functionName/>
      <relative>false</relative>
      <not>false</not>
      <appliesTo>.self</appliesTo>
      <arguments>
        <argument kind="STRING">if (global.joy_press)
{
    if (joystick_direction(1) == 101) global.joy_press = false
}

if (!global.onlevel || global.levelnumber == 16 || global.levelnumber == 24 || instance_number(Level_Cover) &gt; 0 || instance_number(Player_Winz) &gt; 0)
{
    if (abs(joystick_xpos(0) &gt; 0.1) || abs(joystick_ypos(0) &gt; 0.1))
    {
        if (instance_number(Hand) == 0) instance_create(room_width / 2, room_height / 2, Hand)
    }
}
else
{
    if (instance_number(Hand) &gt; 0)
    {
        with (Hand) instance_destroy()
    }
}

if (joystick_check_button(joy_id, 12))
{
    if (!joy_btn_pressed[12])
    {
        joy_btn_pressed[12] = true;
        Take_Screen_Shot()
    }
}
else
{
    joy_btn_pressed[12] = false;
}


</argument>
      </arguments>
    </action>
  </actions>
</event>
