<?xml version="1.0" encoding="UTF-8" standalone="no"?>
<event category="STEP" id="2">
  <actions>
    <action id="603" library="1">
      <!--action name: Code-->
      <kind>CODE</kind>
      <allowRelative>false</allowRelative>
      <question>false</question>
      <canApplyTo>true</canApplyTo>
      <actionType>CODE</actionType>
      <functionName/>
      <relative>false</relative>
      <not>false</not>
      <appliesTo>.self</appliesTo>
      <arguments>
        <argument kind="STRING">var joy_speed;
joy_speed = 16

if (abs(joystick_xpos(joy_id)) &gt; 0.1)
{
    x += joystick_xpos(joy_id) * 16
}
if (abs(joystick_ypos(joy_id)) &gt; 0.1)
{
    y += joystick_ypos(joy_id) * 16
}

x = round(x)
y = round(y)

if (x + 10 &gt; room_width) x = room_width -10;
if (x - 1 &lt; 0) x = 1;
if (y + 10 &gt; room_height) y = room_height -10; 
if (y - 1 &lt; 0) y = 1;</argument>
      </arguments>
    </action>
  </actions>
</event>
