<?xml version="1.0" encoding="UTF-8" standalone="no"?>
<event category="STEP" id="0">
  <actions>
    <action id="603" library="1">
      <!--action name: Code-->
      <kind>CODE</kind>
      <allowRelative>false</allowRelative>
      <question>false</question>
      <canApplyTo>true</canApplyTo>
      <actionType>CODE</actionType>
      <functionName/>
      <relative>false</relative>
      <not>false</not>
      <appliesTo>.self</appliesTo>
      <arguments>
        <argument kind="STRING">if (button_pressed &amp;&amp; !joystick_check_button(joy_id, 2))
{
    with (all)
    {
        if (place_meeting(x, y, other))
        {
            event_perform(ev_mouse, ev_left_release)         
        }
    }
}

button_pressed = joystick_check_button(joy_id, 2)</argument>
      </arguments>
    </action>
  </actions>
</event>
