<?xml version="1.0" encoding="UTF-8" standalone="no"?>
<room>
  <caption>OXTriangle - Alumax</caption>
  <size height="760" width="1331"/>
  <grid>
    <isometric>false</isometric>
    <snap x="35" y="35"/>
  </grid>
  <speed>30</speed>
  <persistent>false</persistent>
  <creationCode/>
  <backgroundColor>C0C0C0</backgroundColor>
  <drawBackgroundColor>true</drawBackgroundColor>
  <backgrounds>
    <backgroundDef>
      <visibleOnRoomStart>true</visibleOnRoomStart>
      <isForeground>false</isForeground>
      <backgroundImage>background_index</backgroundImage>
      <offset x="0" y="0"/>
      <speed x="0" y="0"/>
      <tileHorizontally>true</tileHorizontally>
      <tileVertically>true</tileVertically>
      <stretch>false</stretch>
    </backgroundDef>
    <backgroundDef>
      <visibleOnRoomStart>false</visibleOnRoomStart>
      <isForeground>false</isForeground>
      <backgroundImage/>
      <offset x="0" y="0"/>
      <speed x="0" y="0"/>
      <tileHorizontally>true</tileHorizontally>
      <tileVertically>true</tileVertically>
      <stretch>false</stretch>
    </backgroundDef>
    <backgroundDef>
      <visibleOnRoomStart>false</visibleOnRoomStart>
      <isForeground>false</isForeground>
      <backgroundImage/>
      <offset x="0" y="0"/>
      <speed x="0" y="0"/>
      <tileHorizontally>true</tileHorizontally>
      <tileVertically>true</tileVertically>
      <stretch>false</stretch>
    </backgroundDef>
    <backgroundDef>
      <visibleOnRoomStart>false</visibleOnRoomStart>
      <isForeground>false</isForeground>
      <backgroundImage/>
      <offset x="0" y="0"/>
      <speed x="0" y="0"/>
      <tileHorizontally>true</tileHorizontally>
      <tileVertically>true</tileVertically>
      <stretch>false</stretch>
    </backgroundDef>
    <backgroundDef>
      <visibleOnRoomStart>false</visibleOnRoomStart>
      <isForeground>false</isForeground>
      <backgroundImage/>
      <offset x="0" y="0"/>
      <speed x="0" y="0"/>
      <tileHorizontally>true</tileHorizontally>
      <tileVertically>true</tileVertically>
      <stretch>false</stretch>
    </backgroundDef>
    <backgroundDef>
      <visibleOnRoomStart>false</visibleOnRoomStart>
      <isForeground>false</isForeground>
      <backgroundImage/>
      <offset x="0" y="0"/>
      <speed x="0" y="0"/>
      <tileHorizontally>true</tileHorizontally>
      <tileVertically>true</tileVertically>
      <stretch>false</stretch>
    </backgroundDef>
    <backgroundDef>
      <visibleOnRoomStart>false</visibleOnRoomStart>
      <isForeground>false</isForeground>
      <backgroundImage/>
      <offset x="0" y="0"/>
      <speed x="0" y="0"/>
      <tileHorizontally>true</tileHorizontally>
      <tileVertically>true</tileVertically>
      <stretch>false</stretch>
    </backgroundDef>
    <backgroundDef>
      <visibleOnRoomStart>false</visibleOnRoomStart>
      <isForeground>false</isForeground>
      <backgroundImage/>
      <offset x="0" y="0"/>
      <speed x="0" y="0"/>
      <tileHorizontally>true</tileHorizontally>
      <tileVertically>true</tileVertically>
      <stretch>false</stretch>
    </backgroundDef>
  </backgrounds>
  <enableViews>false</enableViews>
  <instances>
    <instance>
      <object>object_index</object>
      <position x="0" y="0"/>
      <creationCode/>
      <locked>false</locked>
    </instance>
    <instance>
      <object>object_button_exit</object>
      <position x="1155" y="700"/>
      <creationCode/>
      <locked>false</locked>
    </instance>
    <instance>
      <object>object_button_characters</object>
      <position x="420" y="525"/>
      <creationCode/>
      <locked>false</locked>
    </instance>
    <instance>
      <object>object_button_objects</object>
      <position x="910" y="525"/>
      <creationCode/>
      <locked>false</locked>
    </instance>
    <instance>
      <object>object_button_dark</object>
      <position x="840" y="700"/>
      <creationCode/>
      <locked>false</locked>
    </instance>
  </instances>
  <tiles/>
  <editorSettings remember="false"/>
</room>
