<?xml version="1.0" encoding="UTF-8" standalone="no"?>
<event category="DRAW" id="0">
  <actions>
    <action id="603" library="1">
      <!--action name: Code-->
      <kind>CODE</kind>
      <allowRelative>false</allowRelative>
      <question>false</question>
      <canApplyTo>true</canApplyTo>
      <actionType>CODE</actionType>
      <functionName/>
      <relative>false</relative>
      <not>false</not>
      <appliesTo>.self</appliesTo>
      <arguments>
        <argument kind="STRING">script_execute(script_button_text,2)
draw_set_font(font_small)
draw_set_valign(fa_center)
draw_set_halign(fa_center)
if(position_meeting(mouse_x,mouse_y,self)) draw_text_color(x,y,"Terra#G",c_blue,c_blue,c_blue,c_blue,100) else draw_text_color(x,y,"Terra#G",c_black,c_black,c_black,c_black,100)
draw_set_valign(0)
draw_set_halign(0)</argument>
      </arguments>
    </action>
  </actions>
</event>
