<?xml version="1.0" encoding="UTF-8" standalone="no"?>
<event category="DRAW" id="0">
  <actions>
    <action id="603" library="1">
      <!--action name: Code-->
      <kind>CODE</kind>
      <allowRelative>false</allowRelative>
      <question>false</question>
      <canApplyTo>true</canApplyTo>
      <actionType>CODE</actionType>
      <functionName/>
      <relative>false</relative>
      <not>false</not>
      <appliesTo>.self</appliesTo>
      <arguments>
        <argument kind="STRING">script_execute(script_button_text,2)
if(position_meeting(mouse_x,mouse_y,self)) draw_sprite(sprite_triangle_blue,0,x,y) else draw_sprite(sprite_triangle,0,x,y)</argument>
      </arguments>
    </action>
  </actions>
</event>
