<?xml version="1.0" encoding="UTF-8" standalone="no"?>
<resources>
  <resource name="Object Super Classes" type="GROUP"/>
  <resource name="Anger Colors" type="GROUP"/>
  <resource name="Anger Numbers" type="GROUP"/>
  <resource name="Buttons" type="GROUP"/>
  <resource name="Character Super Classes" type="GROUP"/>
  <resource name="Characters" type="GROUP"/>
  <resource name="Date Time Buttons" type="GROUP"/>
  <resource name="Thumbnails" type="GROUP"/>
  <resource name="Messages" type="GROUP"/>
  <resource name="Arrows" type="GROUP"/>
  <resource name="Connect 4" type="GROUP"/>
  <resource name="Double Boxing" type="GROUP"/>
  <resource name="NWH" type="GROUP"/>
  <resource name="Character Buttons" type="GROUP"/>
  <resource filename="Switch_ Gate" name="Switch/ Gate" type="GROUP"/>
  <resource name="Player Select" type="GROUP"/>
  <resource name="Tablet Controls" type="GROUP"/>
  <resource name="Materials" type="GROUP"/>
  <resource name="Level Designer" type="GROUP"/>
  <resource name="Boulder" type="RESOURCE"/>
  <resource name="Go_Number_Black" type="RESOURCE"/>
  <resource name="Go_Number_Red" type="RESOURCE"/>
  <resource name="Barria_Horizontal" type="RESOURCE"/>
  <resource name="Barria_Vertical" type="RESOURCE"/>
  <resource name="Menu" type="RESOURCE"/>
  <resource name="Background_Object" type="RESOURCE"/>
  <resource name="Player_One_Winz" type="RESOURCE"/>
  <resource name="Player_Two_Winz" type="RESOURCE"/>
  <resource name="Player_Change_Black" type="RESOURCE"/>
  <resource name="Player_Change_Red" type="RESOURCE"/>
  <resource name="Quit2" type="RESOURCE"/>
  <resource name="Quit_Yes" type="RESOURCE"/>
  <resource name="All_check" type="RESOURCE"/>
  <resource name="Tunnling_Bomb_Object" type="RESOURCE"/>
  <resource name="Dimond_Bomb_Object" type="RESOURCE"/>
  <resource name="Concreet_Bomb_Object" type="RESOURCE"/>
  <resource name="Nuclear_Bomb_Object" type="RESOURCE"/>
  <resource name="J_Bomb_Object" type="RESOURCE"/>
  <resource name="Time_Bomb_Object" type="RESOURCE"/>
  <resource name="Player1_Starts" type="RESOURCE"/>
  <resource name="Player2_Starts" type="RESOURCE"/>
  <resource name="Draw" type="RESOURCE"/>
  <resource name="Alumax" type="RESOURCE"/>
  <resource name="Level_Number_Object" type="RESOURCE"/>
  <resource name="Draw_Mode_Black" type="RESOURCE"/>
  <resource name="Draw_Mode_Red" type="RESOURCE"/>
  <resource name="Date_Time" type="RESOURCE"/>
  <resource name="Date_Time_Room_Check" type="RESOURCE"/>
  <resource name="Wood_Object" type="RESOURCE"/>
  <resource name="Wood_Object_Level_Cover" type="RESOURCE"/>
  <resource name="Player_Name_Room_Check" type="RESOURCE"/>
  <resource name="R_Arrow" type="RESOURCE"/>
  <resource name="R_Arrow_Mask" type="RESOURCE"/>
  <resource name="Barria_Horizontal_Image" type="RESOURCE"/>
  <resource name="Barria_Vertical_Image" type="RESOURCE"/>
  <resource name="Explosion" type="RESOURCE"/>
  <resource name="Explosion_M_Object" type="RESOURCE"/>
  <resource name="Explosion_J_Horizontal_Object" type="RESOURCE"/>
  <resource name="Explosion_J_Vertical_Object" type="RESOURCE"/>
  <resource name="Mud_Explode" type="RESOURCE"/>
  <resource name="Teleport" type="RESOURCE"/>
  <resource name="Memory_Control" type="RESOURCE"/>
  <resource name="Explosion_T_Horizontal_Object" type="RESOURCE"/>
  <resource name="Explosion_T_Vertical_Object" type="RESOURCE"/>
  <resource name="Time_Bomb_Explosion_Center" type="RESOURCE"/>
  <resource name="Dollar_Sign_Stun" type="RESOURCE"/>
  <resource name="Hand" type="RESOURCE"/>
</resources>
