<?xml version="1.0" encoding="UTF-8" standalone="no"?>
<resources>
  <resource name="sprite_triangle" type="RESOURCE"/>
  <resource name="sprite_triangle_blue" type="RESOURCE"/>
  <resource name="sprite_square" type="RESOURCE"/>
  <resource name="sprite_square_blue" type="RESOURCE"/>
  <resource name="sprite_g" type="RESOURCE"/>
  <resource name="sprite_pi" type="RESOURCE"/>
  <resource name="sprite_pi_blue" type="RESOURCE"/>
  <resource name="sprite_gigga_g" type="RESOURCE"/>
  <resource name="sprite_big_w" type="RESOURCE"/>
  <resource name="sprite_terra_g" type="RESOURCE"/>
</resources>
