<?xml version="1.0" encoding="UTF-8" standalone="no"?>
<constants>
  <constant name="character_color_purple" value="$FF00FF"/>
  <constant name="character_color_dark_blue" value="$FF0000"/>
  <constant name="character_color_yellow" value="$00FFFF"/>
  <constant name="joy_id" value="0"/>
  <constant name="character_color_green" value="$00FF00"/>
  <constant name="character_color_blue" value="$FF8000"/>
  <constant name="character_color_red" value="$0000FF"/>
  <constant name="character_color_black" value="$000000"/>
  <constant name="msg_btn_spacing" value="5"/>
  <constant name="message_line_spacing" value="30"/>
  <constant name="grid_size" value="35"/>
</constants>
