<?xml version="1.0" encoding="UTF-8" standalone="no"?>
<settings>
  <graphics>
    <scalingPercent>-1</scalingPercent>
    <displayCursor>true</displayCursor>
    <useVsync>false</useVsync>
    <interpolateColors>true</interpolateColors>
    <colorOutsideRoom>000000</colorOutsideRoom>
  </graphics>
  <windowing>
    <startFullscreen>true</startFullscreen>
    <dontDrawBorder>false</dontDrawBorder>
    <allowWindowResize>true</allowWindowResize>
    <alwaysOnTop>false</alwaysOnTop>
    <dontShowButtons>false</dontShowButtons>
    <switchVideoMode>false</switchVideoMode>
  </windowing>
  <splashImage>
    <showCustom>true</showCustom>
    <partiallyTransparent>false</partiallyTransparent>
    <alphaTransparency>255</alphaTransparency>
  </splashImage>
  <progressBar>
    <mode>LOADBAR_CUSTOM</mode>
    <scaleImage>false</scaleImage>
  </progressBar>
  <keys>
    <letF1ShowGameInfo>true</letF1ShowGameInfo>
    <letF4SwitchFullscreen>true</letF4SwitchFullscreen>
    <letF5SaveF6Load>true</letF5SaveF6Load>
    <letF9Screenshot>false</letF9Screenshot>
    <letEscEndGame>false</letEscEndGame>
    <treatCloseAsEscape>false</treatCloseAsEscape>
  </keys>
  <errors>
    <displayErrors>true</displayErrors>
    <writeToLog>true</writeToLog>
    <abortOnError>false</abortOnError>
    <treatUninitializedAsZero>true</treatUninitializedAsZero>
  </errors>
  <gameInfo>
    <gameId>161164</gameId>
    <author>Stefan Grace</author>
    <version>000</version>
    <information/>
    <versionMajor>1</versionMajor>
    <versionMinor>0</versionMinor>
    <versionRelease>0</versionRelease>
    <versionBuild>0</versionBuild>
    <company>Stefan Grace</company>
    <product>OXTriangle</product>
    <copyright/>
    <description>2-player, turn-based strategy game</description>
    <directPlayGuid>07372fa30711d544b810da205f2ad950</directPlayGuid>
  </gameInfo>
  <system>
    <processPriority>PRIORITY_NORMAL</processPriority>
    <disableScreensavers>true</disableScreensavers>
    <freezeOnLoseFocus>true</freezeOnLoseFocus>
  </system>
  <includes>
    <overwriteExisting>false</overwriteExisting>
    <removeAtGameEnd>false</removeAtGameEnd>
    <useTempFolder>false</useTempFolder>
  </includes>
</settings>
